Amp,κ_n,⍺
0.0,0.272276,0.0
1.0,0.272276,-0.37781
2.0,0.272276,-0.332662
2.5,0.272276,-0.058457
3.0,0.272276,0.992911
3.5,0.272276,0.9801
4.0,0.272276,0.992075
6.0,0.272276,0.99373
