"μ_n","κ_n","pFitnessCost","σ","r","ρ"
5.93866169917856e-06,0.272313782742246,0.108883565654455,6.07408961666667,0.4354352275,0.0523347955
